{
    "lumi16":35917.213466,
    "lumi17":41521.427777,
    "lumi18":59692.687741,
    "XSECS":{
        "ttbar-allhad":377.96,
        "ttbar-semilep":365.34,
        "QCDHT700":6802,
        "QCDHT1000":1206,
        "QCDHT1500":120.4,
        "QCDHT2000":25.25,
        "TprimeB-800": 1.0,
        "TprimeB-900": 1.0,
        "TprimeB-1000": 1.0,
        "TprimeB-1100": 1.0,
        "TprimeB-1200": 1.0,
        "TprimeB-1300": 1.0,
        "TprimeB-1400": 1.0,
        "TprimeB-1500": 1.0,
        "TprimeB-1600": 1.0,
        "TprimeB-1700": 1.0,
        "TprimeB-1800": 1.0
    }
}