{
    "lumi16":35917.213466,
    "lumi17":41521.427777,
    "lumi18":59692.687741,
    "XSECS":{
        "ttbar-allhad":377.96,
        "ttbar-semilep":365.34,
        "QCDHT700":6802,
        "QCDHT1000":1206,
        "QCDHT1500":120.4,
        "QCDHT2000":25.25,
        "TprimeB-800": 0.1,
        "TprimeB-900": 0.1,
        "TprimeB-1000": 0.1,
        "TprimeB-1100": 0.1,
        "TprimeB-1200": 0.1,
        "TprimeB-1300": 0.1,
        "TprimeB-1400": 0.01,
        "TprimeB-1500": 0.01,
        "TprimeB-1600": 0.01,
        "TprimeB-1700": 0.01,
        "TprimeB-1800": 0.01
    },
    "CUTS":{
        "pt":350,
        "eta":2.4,
        "mh":[100,140],
        "mt":[105,210],
        "deepTagMD_HbbvsQCD": 0.96,
        "particleNetMD_HbbvsQCD": 0.98,
        "deepTag_TvsQCD": 0.92,
        "particleNet_TvsQCD": 0.94
    }
}